id,title,company,location,remote_type,job_type,pay_min,pay_max,pay_currency,pay_period,skills_required,skills_bonus,green_flags,red_flags,indonesian_context,posted_at
job_jobg8_us_3189401929,Territory Sales Manager - Texas (Remote) - $80000 - $100000 Yearly Salary,"K2 Insurance Services, LLC",Remote,regional,full-time,80000,100000,USD,yearly,"[""sales"",""account-management"",""communication"",""leadership"",""crm""]",[],[],[],"{""salary_idr_monthly"":null,""timezone_overlap_wib"":""not_specified"",""tax_notes"":null,""visa_notes"":null}",2026-10-05T00:55:43.000Z
job_jobg8_us_3189142894,Remote Customer Service Representative $45 per hour,GL1,Remote,regional,part-time,45,45,USD,hourly,[],[],[],[],"{""salary_idr_monthly"":null,""timezone_overlap_wib"":""not_specified"",""tax_notes"":null,""visa_notes"":null}",2026-10-05T00:55:43.000Z
job_jobg8_us_3189106319,Life Insurance Advisor (W2) Remote,Insurance Supermarket,Remote,regional,full-time,18,30,USD,hourly,"[""life insurance sales"",""client relationship"",""communication"",""self-management"",""product knowledge""]",[],[],[],"{""salary_idr_monthly"":null,""timezone_overlap_wib"":""none"",""tax_notes"":null,""visa_notes"":null}",2026-10-04T18:55:17.000Z
job_jobg8_us_3189029885,"Senior Excitation Engineer - Nuclear (Remote Eligible, U.S)",GE Vernova,Remote,regional,full-time,124500,207700,USD,yearly,"[""nuclear engineering"",""excitation control"",""power electronics"",""regulatory compliance"",""root cause analysis""]",[],[],[],"{""salary_idr_monthly"":null,""timezone_overlap_wib"":""none"",""tax_notes"":null,""visa_notes"":null}",2026-10-04T12:55:45.000Z
job_jobg8_us_3188463313,Usage Tester - Work From Home - $45 per hour,GL1,Remote,regional,part-time,45,45,USD,hourly,"[""pengujian produk"",""communication"",""disiplin"",""teknologi asinkron""]",[],[],[],"{""salary_idr_monthly"":null,""timezone_overlap_wib"":""not_specified"",""tax_notes"":null,""visa_notes"":null}",2026-10-04T12:55:45.000Z
job_wwr_everpure-account-executive-commercial-upstate-new-york,"Account Executive, Commercial (Upstate New York)",Everpure,Remote,worldwide,full-time,122500,184000,USD,yearly,"[""sales"",""customer relationship management"",""strategic planning"",""communication"",""leadership""]",[],[],[],"{""salary_idr_monthly"":null,""timezone_overlap_wib"":""flexible"",""tax_notes"":null,""visa_notes"":null}",2026-10-04T07:31:06.000Z
job_jobg8_us_3188919716,Remote Client Services Vacation Coordinator,Destination Knot,Remote,regional,full-time,50000,70000,USD,yearly,"[""communication"",""organization"",""customer service"",""time management"",""remote work""]",[],[],[],"{""salary_idr_monthly"":null,""timezone_overlap_wib"":""not_specified"",""tax_notes"":null,""visa_notes"":null}",2026-10-04T06:55:43.000Z
job_jobg8_us_3188831959,HR Operations Specialist - Remote,Genesis10,Remote,regional,full-time,18,20,USD,hourly,"[""hr operations"",""data management"",""microsoft office""]",[],[],[],"{""salary_idr_monthly"":null,""timezone_overlap_wib"":""none"",""tax_notes"":null,""visa_notes"":null}",2026-10-04T06:55:43.000Z
job_jobg8_us_3188831535,Senior Mainframe DevOps Tools Migration Architect - Remote / Telecommute,CYNET SYSTEMS,Remote,regional,full-time,10560,11360,USD,monthly,"[""git"",""devops"",""ibm-dbb"",""ibm-wazi"",""z/os"",""groovy"",""yaml""]",[],[],[],"{""salary_idr_monthly"":null,""timezone_overlap_wib"":""flexible"",""tax_notes"":null,""visa_notes"":null}",2026-10-04T06:55:43.000Z
job_jobg8_us_3188831461,Everest Platform SME - 100% Remote,Genesis10,Remote,regional,full-time,95,110,USD,hourly,"[""sql"",""troubleshooting"",""finance"",""post-trade"",""everest platform""]",[],[],[],"{""salary_idr_monthly"":null,""timezone_overlap_wib"":""not_specified"",""tax_notes"":null,""visa_notes"":null}",2026-10-04T06:55:43.000Z
job_jobg8_us_3188831237,"Executive Sourcer, Technology - Remote",Genesis10,Remote,regional,full-time,50,50,USD,hourly,"[""recruitment"",""executive-search"",""market-research"",""competitive-intelligence"",""communication""]",[],[],[],"{""salary_idr_monthly"":null,""timezone_overlap_wib"":""not_specified"",""tax_notes"":null,""visa_notes"":null}",2026-10-04T06:55:43.000Z
job_jobg8_us_3188439310,Field Reimbursement & Payer Relations Manager - Remote,Avanos Medical,Remote,regional,full-time,135000,157000,USD,yearly,"[""reimbursement"",""payer relations"",""healthcare"",""communication"",""negotiation""]",[],[],[],"{""salary_idr_monthly"":null,""timezone_overlap_wib"":""not_specified"",""tax_notes"":null,""visa_notes"":null}",2026-10-04T06:55:43.000Z
job_jobg8_us_3186431001,Work from Home: Customer Service Representative (Healthcare),Sagility,Remote,regional,full-time,14,15,USD,hourly,"[""customer-service"",""communication"",""problem-solving""]",[],[],[],"{""salary_idr_monthly"":null,""timezone_overlap_wib"":""flexible"",""tax_notes"":null,""visa_notes"":null}",2026-10-04T06:55:43.000Z
job_jobg8_us_3185237294,Remote Billing Specialist,Tameless Performance,Remote,regional,full-time,25,25,USD,hourly,"[""accounting"",""excel"",""communication"",""time-management""]",[],[],[],"{""salary_idr_monthly"":null,""timezone_overlap_wib"":""flexible"",""tax_notes"":null,""visa_notes"":null}",2026-10-04T06:55:43.000Z
job_theirstack_867133927,Full-Stack Software Engineer,TalentHop,Remote,worldwide,full-time,130000,150000,USD,yearly,"[""vue"",""laravel"",""spring-boot"",""typescript"",""aws-lambda"",""api-design"",""testing""]",[],[],[],"{""salary_idr_monthly"":null,""timezone_overlap_wib"":""flexible"",""tax_notes"":null,""visa_notes"":null}",2026-10-04T00:00:00.000Z
job_theirstack_867209648,Grant Business Specialist,National Grants Management Association,Remote,worldwide,full-time,32,48,USD,hourly,"[""grant management"",""project management"",""financial tracking"",""reporting"",""communication""]",[],[],[],"{""salary_idr_monthly"":null,""timezone_overlap_wib"":""flexible"",""tax_notes"":null,""visa_notes"":null}",2026-10-04T00:00:00.000Z
job_themuse_22231564,"Strategic Insights Senior Analyst, Data Analytics",Oscar Health,Remote,worldwide,full-time,6272,8232,USD,monthly,"[""data analysis"",""business analytics"",""dashboard creation"",""data storytelling"",""sql""]",[],[],[],"{""salary_idr_monthly"":null,""timezone_overlap_wib"":""flexible"",""tax_notes"":null,""visa_notes"":null}",2026-10-03T22:23:40.000Z
job_themuse_22227065,"Expert(e) en sinistres, particuliers -",Allstate,Remote,worldwide,full-time,64512,105336,USD,yearly,"[""insurance"",""claims"",""negotiation"",""communication"",""case-management""]",[],[],[],"{""salary_idr_monthly"":null,""timezone_overlap_wib"":""flexible"",""tax_notes"":null,""visa_notes"":null}",2026-10-03T20:04:29.000Z
job_themuse_22070786,Agile Engagement Lead,Kyndryl,Remote,worldwide,full-time,9590,9590,USD,monthly,"[""agile"",""scrum"",""product-ownership"",""cybersecurity"",""jira""]",[],[],[],"{""salary_idr_monthly"":null,""timezone_overlap_wib"":""flexible"",""tax_notes"":null,""visa_notes"":null}",2026-10-03T19:08:54.000Z
job_ashby_Plaid_a063f469-1ec5-44d1-8cc5-1da47a7b8783,Product Operations Specialist,Plaid,Remote,remote-region,full-time,130800,163200,USD,yearly,"[""product operations"",""customer support"",""product management"",""communication"",""analytical skills""]",[],[],[],"{""salary_idr_monthly"":null,""timezone_overlap_wib"":""flexible"",""tax_notes"":null,""visa_notes"":null}",2026-10-03T00:25:24.000Z
job_greenhouse_netlify_8861222002,Senior Demand Generation Marketing Manager,Netlify,Remote,worldwide,full-time,150000,200000,USD,yearly,"[""marketing"",""strategy"",""budget-management"",""agency-management"",""data-analysis""]",[],[],[],"{""salary_idr_monthly"":null,""timezone_overlap_wib"":""none"",""tax_notes"":null,""visa_notes"":null}",2026-10-02T23:39:12.000Z
job_ashby_handshake_fb7c8deb-fc87-425c-b446-33dcfc1247c5,Revenue Enablement Manager,Handshake,Remote,remote-region,full-time,147200,184000,USD,yearly,"[""sales-enablement"",""training"",""data-analysis"",""salesforce"",""revenue-operations""]",[],[],[],"{""salary_idr_monthly"":null,""timezone_overlap_wib"":""flexible"",""tax_notes"":null,""visa_notes"":null}",2026-10-02T21:40:33.000Z
job_ashby_Ashby_56941cfb-f595-4df7-9051-d514fffbe113,Recruiting Operations Consultant,Ashby,Remote,worldwide,full-time,78000,142375,EUR,yearly,"[""customer success"",""consulting"",""communication"",""stakeholder management"",""recruiting operations"",""education""]",[],[],[],"{""salary_idr_monthly"":null,""timezone_overlap_wib"":""flexible"",""tax_notes"":null,""visa_notes"":null}",2026-10-02T20:58:21.000Z
job_ashby_zip_5bb93da5-78ab-47b1-b31a-8bb7fb84fc8d,AI Forward Deployed Engineer,Zip,Remote,remote-region,full-time,130000,170000,USD,yearly,"[""ai"",""customer-success"",""solution-building"",""enterprise-procurement"",""appstudio""]",[],[],[],"{""salary_idr_monthly"":null,""timezone_overlap_wib"":""flexible"",""tax_notes"":null,""visa_notes"":null}",2026-10-02T20:13:20.000Z
job_ashby_gamechanger_ab2e0563-739f-4fe4-bdce-0aea2dd76ea1,"Staff Software Engineer, Ads",GameChanger,Remote,worldwide,full-time,165000,185000,USD,yearly,"[""advertising-technology"",""system-architecture"",""leadership"",""communication"",""scalable-systems""]",[],[],[],"{""salary_idr_monthly"":null,""timezone_overlap_wib"":""flexible"",""tax_notes"":null,""visa_notes"":null}",2026-10-02T20:07:01.000Z
job_smartrecruiters_experian_744000153262568,"ESS, Finance Business Partner - Partnerships",Experian,Remote,remote-region,full-time,157667,283801,USD,yearly,"[""financial analysis"",""financial modeling"",""revenue management"",""partnership management"",""financial planning""]",[],[],[],"{""salary_idr_monthly"":null,""timezone_overlap_wib"":""flexible"",""tax_notes"":null,""visa_notes"":null}",2026-10-02T19:41:11.000Z
job_ashby_Harvey_43c6e218-ea85-4519-b2fe-dd188ff3234f,"Forward Deployed Finance Engineer, Private Credit",Harvey,Remote,remote-region,full-time,254600,381800,USD,yearly,"[""finance"",""investment"",""ai"",""enterprise software"",""customer success""]",[],[],[],"{""salary_idr_monthly"":null,""timezone_overlap_wib"":""not_specified"",""tax_notes"":null,""visa_notes"":null}",2026-10-02T19:37:02.000Z
job_ashby_Harvey_fb3ecf9e-9379-4839-817c-f620a3e6034d,"Forward Deployed Finance Engineer, Buyout",Harvey,Remote,remote-region,full-time,254600,381800,USD,yearly,"[""finance"",""ai"",""enterprise-platform"",""customer-success"",""product-development""]",[],[],[],"{""salary_idr_monthly"":null,""timezone_overlap_wib"":""not_specified"",""tax_notes"":null,""visa_notes"":null}",2026-10-02T19:32:30.000Z
job_ashby_Harvey_576271e5-a578-40de-8706-b8d932b5788c,"Forward Deployed Finance Engineer, Real Estate",Harvey,Remote,remote-region,full-time,254600,381800,USD,yearly,"[""finance"",""investment"",""demos"",""training"",""onboarding"",""ai""]",[],[],[],"{""salary_idr_monthly"":null,""timezone_overlap_wib"":""not_specified"",""tax_notes"":null,""visa_notes"":null}",2026-10-02T19:30:55.000Z
job_ashby_Patreon_e9f5a0ee-3f48-4de8-9b6d-f0297d83c43c,Technical Sourcer - Part time/Contract,Patreon,Remote,worldwide,full-time,75,85,USD,hourly,"[""recruiting"",""sourcing"",""communication"",""linkedin"",""github""]",[],[],[],"{""salary_idr_monthly"":null,""timezone_overlap_wib"":""flexible"",""tax_notes"":null,""visa_notes"":null}",2026-10-02T19:29:24.000Z
job_ashby_gamechanger_b9bcb0e4-c76f-4900-acf1-a86ca0af8e45,"Senior AI Engineer, AI Enablement",GameChanger,Remote,worldwide,full-time,140000,155000,USD,yearly,"[""ai"",""software development"",""backend"",""full-stack"",""python"",""machine learning""]",[],[],[],"{""salary_idr_monthly"":null,""timezone_overlap_wib"":""flexible"",""tax_notes"":null,""visa_notes"":null}",2026-10-02T19:28:19.000Z
job_ashby_gamechanger_7e237ba6-3be2-423d-a2cd-6989ad7a152d,"Senior Full Stack Engineer, Basketball",GameChanger,Remote,worldwide,full-time,140000,155000,USD,yearly,"[""full-stack"",""api"",""web-development"",""node.js"",""react""]",[],[],[],"{""salary_idr_monthly"":null,""timezone_overlap_wib"":""flexible"",""tax_notes"":null,""visa_notes"":null}",2026-10-02T19:22:42.000Z
job_ashby_Harvey_b0996df6-6b6e-42be-a4f9-0084536068f5,"Software Engineer, New Grad (2027)",Harvey,Remote,remote-region,full-time,165000,181500,USD,yearly,"[""software development"",""ai"",""frontend"",""backend"",""full-stack""]",[],[],[],"{""salary_idr_monthly"":null,""timezone_overlap_wib"":""not_specified"",""tax_notes"":null,""visa_notes"":null}",2026-10-02T19:13:45.000Z
job_themuse_22224939,Equipment Coordinator,Henry Schein,Remote,worldwide,full-time,35093,54834,USD,yearly,"[""order-processing"",""inventory-management"",""customer-service"",""communication"",""time-management""]",[],[],[],"{""salary_idr_monthly"":null,""timezone_overlap_wib"":""none"",""tax_notes"":null,""visa_notes"":null}",2026-10-02T19:08:52.000Z
job_ashby_1password_e6aa6244-fe74-4b4b-b925-3a353400e6ca,Senior Technical SEO Analyst,1Password,Remote,worldwide,full-time,88000,123000,USD,yearly,"[""seo"",""technical-analysis"",""web-engineering"",""auditing"",""problem-solving""]",[],[],[],"{""salary_idr_monthly"":null,""timezone_overlap_wib"":""flexible"",""tax_notes"":null,""visa_notes"":null}",2026-10-02T17:57:16.000Z
job_ashby_Oyster_67167d3a-c169-4a0c-b839-3ae99ae717a7,Senior Vendor Relationship Manager,Oyster,Remote,remote-region,full-time,225000,280000,RON,yearly,"[""vendor management"",""payroll"",""compliance"",""risk assessment"",""relationship management""]",[],[],[],"{""salary_idr_monthly"":null,""timezone_overlap_wib"":""flexible"",""tax_notes"":null,""visa_notes"":null}",2026-10-02T17:55:41.000Z
job_ashby_Deepgram_f07356f4-0b6c-422b-8dd0-a1f4216bea9b,Executive Coordinator,Deepgram,Remote,remote-region,full-time,85000,95000,USD,yearly,"[""scheduling"",""logistics"",""ai-adoption"",""adaptability"",""communication""]",[],[],[],"{""salary_idr_monthly"":null,""timezone_overlap_wib"":""flexible"",""tax_notes"":null,""visa_notes"":null}",2026-10-02T17:48:58.000Z
job_ashby_gamechanger_12a0867b-8a3c-40bc-a083-98f89b945e96,Senior Engineering Manager,GameChanger,Remote,worldwide,full-time,210000,230000,USD,yearly,"[""leadership"",""product management"",""backend development"",""api development"",""team coordination""]",[],[],[],"{""salary_idr_monthly"":null,""timezone_overlap_wib"":""flexible"",""tax_notes"":null,""visa_notes"":null}",2026-10-02T17:19:47.000Z
job_ashby_Harvey_06d64648-b84b-48ae-94a2-d9c06dfdcb5d,Software Engineering Intern (Summer 2027),Harvey,Remote,remote-region,internship,62,72,USD,hourly,"[""software engineering"",""ai"",""frontend"",""backend""]",[],[],[],"{""salary_idr_monthly"":null,""timezone_overlap_wib"":""not_specified"",""tax_notes"":null,""visa_notes"":null}",2026-10-02T17:00:56.000Z
job_greenhouse_zoominfo_8845484002,Principal Applied AI Engineer - Entity Agents,ZoomInfo,Remote,worldwide,full-time,171500,269500,USD,yearly,"[""machine-learning"",""ai-engineering"",""data-management"",""system-development"",""collaboration""]",[],[],[],"{""salary_idr_monthly"":null,""timezone_overlap_wib"":""flexible"",""tax_notes"":null,""visa_notes"":null}",2026-10-02T16:55:38.000Z
job_ashby_g2_bd2973aa-e360-4397-b8d9-7112bcc2d2a6,Senior Sales Strategy & Operations Manager,G2,Remote,worldwide,full-time,145000,175000,USD,yearly,"[""sales strategy"",""operations management"",""data analysis"",""team collaboration"",""project management""]",[],[],[],"{""salary_idr_monthly"":null,""timezone_overlap_wib"":""flexible"",""tax_notes"":null,""visa_notes"":null}",2026-10-02T16:52:24.000Z
job_ashby_rula_fc340f22-cb0e-4fe7-b9d3-103ced08cbcc,Staff Software Engineer - Provider Growth & Activation (Remote),Rula,Remote,worldwide,full-time,192000,240000,USD,yearly,"[""full-stack"",""distributed-systems"",""frontend"",""backend"",""ai-assisted-tools"",""leadership""]",[],[],[],"{""salary_idr_monthly"":null,""timezone_overlap_wib"":""none"",""tax_notes"":null,""visa_notes"":null}",2026-10-02T16:30:13.000Z
job_ashby_creatoriq_117ed59b-74ca-4cde-b28c-c9db6c2310af,"Product Manager, Safety & Compliance",CreatorIQ,Remote,remote-region,full-time,70000,91000,GBP,yearly,"[""product management"",""ai"",""data science"",""brand safety"",""compliance""]",[],[],[],"{""salary_idr_monthly"":null,""timezone_overlap_wib"":""flexible"",""tax_notes"":null,""visa_notes"":null}",2026-10-02T16:29:25.000Z
job_ashby_Deepgram_790f9a3f-82e8-4c55-995b-8ccb95d6eff9,Product Designer II,Deepgram,Remote,worldwide,full-time,115000,142500,USD,yearly,"[""ui design"",""ux design"",""product design"",""ai integration"",""figma""]",[],[],[],"{""salary_idr_monthly"":null,""timezone_overlap_wib"":""none"",""tax_notes"":null,""visa_notes"":null}",2026-10-02T16:09:02.000Z
job_hn_49934638,Forward Deployed Engineers,Fredrin,Remote,worldwide,full-time,150000,250000,USD,yearly,"[""typescript"",""git"",""ai"",""communication""]",[],[],[],"{""salary_idr_monthly"":null,""timezone_overlap_wib"":""flexible"",""tax_notes"":null,""visa_notes"":null}",2026-10-02T15:30:52.000Z
job_ashby_brigit_6100e7d6-f105-4b52-8c9d-56d12e78dcdf,"Product Designer II, Growth and Membership",Brigit,Remote,remote-region,full-time,7500,9583,USD,monthly,"[""product-design"",""ux-design"",""data-analysis"",""prototyping"",""financial-technology""]",[],[],[],"{""salary_idr_monthly"":null,""timezone_overlap_wib"":""not_specified"",""tax_notes"":null,""visa_notes"":null}",2026-10-02T14:24:28.000Z
job_ashby_trainline_efd536cb-c784-453e-af57-1577b4e9150f,Senior Product Security Engineer,Trainline,Remote,remote-region,full-time,90000,100000,GBP,yearly,"[""product-security"",""threat-modeling"",""security-vulnerability"",""security-roadmap"",""communication""]",[],[],[],"{""salary_idr_monthly"":null,""timezone_overlap_wib"":""not_specified"",""tax_notes"":null,""visa_notes"":null}",2026-10-02T13:22:24.000Z
job_ashby_Oyster_08aefbcc-4a8a-42e8-a44e-1554fc9dcebb,Senior International HRBP,Oyster,Remote,remote-region,full-time,44000,70000,EUR,yearly,"[""human-resources"",""compliance"",""ai"",""communication"",""problem-solving""]",[],[],[],"{""salary_idr_monthly"":null,""timezone_overlap_wib"":""partial"",""tax_notes"":null,""visa_notes"":null}",2026-10-02T10:26:30.000Z
job_hn_49931746,"Product Engineer (Product Manager role, not a Full-stack role)",Search Atlas,Remote,worldwide,full-time,3680,5440,USD,monthly,"[""product-management"",""ai"",""seo"",""django"",""react"",""sql""]",[],[],[],"{""salary_idr_monthly"":null,""timezone_overlap_wib"":""none"",""tax_notes"":null,""visa_notes"":null}",2026-10-02T10:00:32.000Z
job_hn_49931382,Senior Data Scientist,Applandeo,Remote,worldwide,full-time,200,200,PLN,hourly,"[""machine learning"",""python"",""sql"",""gcp"",""bigquery"",""mlops"",""deep learning""]",[],[],[],"{""salary_idr_monthly"":null,""timezone_overlap_wib"":""flexible"",""tax_notes"":null,""visa_notes"":null}",2026-10-02T09:04:12.000Z